event_id,title,date,address,description,image,venue_rating,venue_reviews
0,Alameda County Fair,Jun 14 – Jul 7,"Alameda County Fairgrounds, 2005 Valley Ave Gate 8, Pleasanton, CA","2024 Fair is having MANY competitions this year! Including: gardening, fine arts, wood carving, stills, and much more!",https://encrypted-tbn0.gstatic.com/images?q=tbn:ANd9GcR3acuO8qQDokLns-IUvC53GMvZohFYX69f-GT2wl886w&s=10,4.3,4568
1,TARAKA San Jose // Gordo,"Sat, Jun 15, 2 – 6 PM","Discovery Meadow, 180 Woz Way, San Jose, CA","TARAKA SAN JOSE GORDO LEE FOSS MALONE AND NOYA. SUPPORT: 96 VIBEM NICK CRESPO, FOOLIE. BAD APPLE RECORDS: MANEKI B2B RYLAN LADION YDD B2B SPDY Globally-renowned DJ and producer GORDO, is set to...",https://encrypted-tbn0.gstatic.com/images?q=tbn:ANd9GcTd98Aq3jvKfXyWNumgW6v2-Pc78rhVkRo8D9msnHKYbA&s,4.5,239
2,Edición Especial – Segunda Edición Tour,"Fri, Jun 14, 8 PM – Sat, Jun 15, 12 AM","San Jose Civic, 135 W San Carlos St, San Jose, CA","Cousins Arturo Villa and Cristian Valenzuela began playing at 10 years old in Culiacan, Sinaloa. Together with members Gil Lizarraga & Jesus Alan Obeso they formed the Musica Mexicana band Edición...",https://encrypted-tbn0.gstatic.com/images?q=tbn:ANd9GcRHxWx-xz2fdO5NmERbsp4Hmmq8E1CGsEq5bhG-Q1gLIA&s=10,4.5,1943
3,Hannah Gadsby,"Sat, Jun 15, 7:30 – 9:30 PM","The Curran Theatre, 445 Geary St, San Francisco, CA","Hannah Gadsby’s brand new stand up show 'Woof!' is hitting the road. Hannah has a lot to worry about. Then again, so do we all. In a world full of genuine worries, which anxiety gets to sit in the...",https://encrypted-tbn0.gstatic.com/images?q=tbn:ANd9GcQyPsZf0ywsC2d4o3QujI1DzofE4hbIt_od_si_J_u9HYJ6jk2yHO7IL41ZPjs&s=10,4.6,1252
4,"Middle Kids, Gordi","Sat, Jun 15","August Hall, 420 Mason St, San Francisco, CA",Find tickets for Middle Kids at August Hall in San Francisco on 6/15/2024 at 8:30 PM,https://encrypted-tbn0.gstatic.com/images?q=tbn:ANd9GcTQKpRUYYeC48bIb3wxNqkN2AfYEou--mBcIR3_1h9vVTKTBq4hJQsYIy7k3A&s=10,4.5,847
5,Don Carlos,"Sat, Jun 15, 8 – 10 PM","Great American Music Hall, 859 O'Farrell St, San Francisco, CA",Find tickets for Don Carlos at Great American Music Hall in San Francisco on 6/15/2024 at 9:00 PM,https://encrypted-tbn0.gstatic.com/images?q=tbn:ANd9GcSnQUOOmwZ78q_E-YhyMviTZIP6t6tpThHFS7OyOLcrFsRoT4-CMlgIyuqNiw&s,4.7,1416
6,Sarah Silverman,"Sat, Jun 15, 9:15 PM – Sun, Jun 16, 1:15 AM","The Punch Line San Francisco, 444 Battery St, San Francisco, CA",Find tickets for Sarah Silverman at Punch Line Comedy Club - San Francisco in San Francisco on 6/15/2024 at 9:15 PM,https://encrypted-tbn0.gstatic.com/images?q=tbn:ANd9GcTQtHcm73mU9qNWkzwgvL_1caJT1ZfQxpyDkgkXLH_Ci_UJFnHjAqBm9GYVdw&s=10,4.4,971
7,A Flock of Seagulls,"Fri, Jun 14, 8:00 – 9:30 PM","The Guild Theatre, 949 El Camino Real, Menlo Park, CA",Get your A Flock of Seagulls Tickets at The Guild Theatre in Menlo Park by The Guild Theatre from Tixr.,https://encrypted-tbn0.gstatic.com/images?q=tbn:ANd9GcRzp08IXQdONqEtQkgQyicy-4RfKbEhOxvFE2jU-OwmCzwnDXWUmYElpoljZA&s,4.8,194
8,Bag Raiders,"Sat, Jun 15, 3 – 7 PM","The Midway, 900 Marin St, San Francisco, CA",Find tickets for Bag Raiders at The Midway in San Francisco on 6/15/2024 at 3:00 PM,https://encrypted-tbn0.gstatic.com/images?q=tbn:ANd9GcRf6D9FSUQyWWxkTNc95axwCOLsy1H-Rjl_xowBhuz3Jg&s=10,4.5,1851
9,Mystery Skulls,"Sat, Jun 15, 8:00 – 9:30 PM","Cafe Du Nord, 2174 Market St, San Francisco, CA",Find tickets for Mystery Skulls with Snowblood and Thorne at Cafe Du Nord in San Francisco on 6/15/2024 at 8:00 PM,https://encrypted-tbn0.gstatic.com/images?q=tbn:ANd9GcQg_CUD7XCNj207GIm-m7F034QfBJfyxGEVBw4UXmx3ssoVFpCUXC4A2U-YxQ&s=10,4.3,374
10,PARTYNEXTDOOR,"Sat, Jun 29, 8 – 10 PM","SF Masonic Auditorium, 1111 California St, San Francisco, CA",Find tickets for PARTYNEXTDOOR at The Masonic in San Francisco on 6/29/2024 at 8:00 PM,https://encrypted-tbn0.gstatic.com/images?q=tbn:ANd9GcR5soaUm7z_ij4cAzU7yDtJC1TuhVCWLf6JSaVvtK8b8Jn_RUxcWkUHaKLtcA&s=10,4.5,2470
11,Bill Burr,"Fri, Jun 21, 7:30 – 9:30 PM","San Jose Civic, 135 W San Carlos St, San Jose, CA",Find tickets for Bill Burr at San Jose Civic in San Jose on 6/21/2024 at 7:30 PM,https://encrypted-tbn0.gstatic.com/images?q=tbn:ANd9GcS5kcDJeTEM4SiiowbJ9V8z8fq0aXLa7KovqDgdVBXBtA&s=10,4.5,1943
12,"CHUY LIZARRAGA EL COYOTE JULIO PRECIADO,","Sun, Jun 30, 1 – 5 PM","Rancho Grande de Morgan Hill, 17555 Condit Rd, Morgan Hill, CA",CHUY LIZARRAGA EL COYOTE JULIO PRECIADO is happening on Sunday June 30 2024 at 09 00AM PDT at Rancho Grande de Morgan Hill.To access further details about this event Click on the provided website ...,https://encrypted-tbn0.gstatic.com/images?q=tbn:ANd9GcRXiX-ikHWbEiZq-jMz2QhN4r_wltWr6kJEhOGN582cEQ&s=10,4.4,112
13,Ana Barbara,"Sun, Aug 18, 8:00 – 9:30 PM","San Jose Civic, 135 W San Carlos St, San Jose, CA",Ana Barbara - Reina Grupera Tour 2024 is happening on Sunday August 18 2024 at 08 00PM PDT at San Jose Civic.To access further details about this event Click on the provided website link. Moreover...,https://encrypted-tbn0.gstatic.com/images?q=tbn:ANd9GcTIxg0YJRFtC01GFv-vKGQhbgdLNLVHDb3Oot-8CKqlcQ&s=10,4.5,1943
14,Los Originales de San Juan,"Sat, Jun 15, 9 PM – Sun, Jun 16, 3 AM","La Hacienda del Toro, 3660 Stony Point Rd, Santa Rosa, CA",LOS ORIGINALES DE SAN JUAN Y MAS is happening on Saturday June 15 2024 at 05 00PM PDT at Casa del Mar.To access further details about this event Click on the provided website link. Moreover if you...,https://encrypted-tbn0.gstatic.com/images?q=tbn:ANd9GcTJ_7tmykLnMgwX8Gt1JyPwCPpkeBRntQvOamotXhKvsg&s=10,4.4,469
15,Banda Machos,"Fri, Jun 14, 8:00 – 9:30 PM","The Event At Graton, 288 Golf Course Dr W, Rohnert Park, CA",Find tickets for Banda Machos at The Event at Graton Resort & Casino in Rohnert Park on 6/14/2024 at 8:00 PM,https://encrypted-tbn0.gstatic.com/images?q=tbn:ANd9GcQJWq-L0VsDIMNF6dEUD8_fdkG9vboSs3NCWIb4djoecq5FxWP0aSriHIFhWA&s=10,5.0,1
16,Taylor Tomlinson,"Fri, Jul 19, 7:30 PM – Sat, Jul 20, 1:30 AM","The Punch Line San Francisco, 444 Battery St, San Francisco, CA","Buy your tickets and see show schedules for Punch Line Comedy Club, San Francisco, CA from San Francisco Theater. Upcoming events include - Taylor Tomlinson.",https://encrypted-tbn0.gstatic.com/images?q=tbn:ANd9GcRhTDQoAZfswk8pQcVRy0tKCamzDSCaMJsFr2JvYaJm36s1aVP0kWOsNDQJHA&s=10,4.4,971
17,"Kendrick Lamar,","Wed, Jun 19, 7:30 – 8:45 PM","Envelop SF, 900 Marin St, San Francisco, CA",20% discount for Envelop Members Envelop yourself within the groundbreaking album “DAMN.” by Kendrick Lamar and feel its powerful storytelling and innovative production on another level. This...,https://encrypted-tbn0.gstatic.com/images?q=tbn:ANd9GcREOHHir7_xgehWBJPCsW3eK2321-oykWE-Dq3-ZXPUXA&s,4.6,59
18,Dom Dolla,"Fri, Jun 21, 8:00 – 9:30 PM","Bill Graham Civic Auditorium, 99 Grove St, San Francisco, CA",Find tickets for Dom Dolla at Bill Graham Civic Auditorium in San Francisco on 6/21/2024 at 8:00 PM,https://encrypted-tbn0.gstatic.com/images?q=tbn:ANd9GcT2D0GPqczsEaxcdtR0eQLxyx-sywp4xniWIvlSB3YMdQ&s=10,4.5,3292
19,Young Miko,"Wed, Aug 7, 8:00 – 9:30 PM","San Jose Civic, 135 W San Carlos St, San Jose, CA",Find tickets for Young Miko at San Jose Civic in San Jose on 8/7/2024 at 8:00 PM,https://encrypted-tbn0.gstatic.com/images?q=tbn:ANd9GcQOZdd8aOeMWix7gIksuQ53fkioRI7CmVfUdUtLHj6zfg&s=10,4.5,1943
20,C-Kan - Cualquier Parecido con La Realidad Tour 2024,"Sat, Jul 6 – Sun, Jul 7","August Hall, 420 Mason St, San Francisco, CA",Find tickets for C-Kan at August Hall in San Francisco on 7/6/2024 at 8:30 PM,https://encrypted-tbn0.gstatic.com/images?q=tbn:ANd9GcSdu9SrzKj6748Ptn_zh7zHSrxj-ogzC9UFZkvS0z6HBA&s=10,4.5,847
21,Harry Connick Jr,"Wed, Jul 10, 8:00 – 9:30 PM","Mountain Winery, 14831 Pierce Rd, Saratoga, CA","Find tickets for Harry Connick, Jr. at The Mountain Winery in Saratoga on 7/10/2024 at 8:00 PM",https://encrypted-tbn0.gstatic.com/images?q=tbn:ANd9GcRGWLswgWxkg6g1--1SdnL16jHi9-bQbDKvcmJWaHIMMA&s=10,4.4,865
22,Peso Pluma,"Wed, Aug 28, 8:00 – 9:30 PM","SAP Center, 525 W Santa Clara St, San Jose, CA","Don't miss your chance to see Peso Pluma for his Exodo Tour at the SAP Center in San Jose on August 28th, 2024. His unique blend of hip-hop and Latin influences is sure to make an unforgettable...",https://encrypted-tbn0.gstatic.com/images?q=tbn:ANd9GcR-AmvK1cZMS_7kMwpSyqqFoPw2vEeYXMBmy6unixhr4Q&s=10,4.6,11447
23,Noah Kahan,"Sat, Jul 6, 6:30 – 9:30 PM","The Greek Theatre, Hearst Greek Theatre, 2001 Gayley Rd, Berkeley, CA","Please note: The term The Greek Theatre Berkley and/or Noah Kahan as well as all associated graphics, logos, and/or other trademarks, tradenames or copyrights are the property of the The Greek...",https://encrypted-tbn0.gstatic.com/images?q=tbn:ANd9GcTdbH4lkXUZXuX7HxR9yKzKSzKD_sn28NmiJb7_Syam3S5INrHJhIqZPSBYKw&s=10,4.7,2858
24,Kool and The Gang,"Sat, Jun 15, 7:00 – 8:30 PM","Blue Note Summer Sessions, 850 Bordeaux Way, Napa, CA","Kool & the Gang, officially launched in 1969.Thanks to iconic songs like Celebration, Cherish, Jungle Boogie, Summer Madness, and Open Sesame, they’ve earned two Grammy Awards, seven American...",https://encrypted-tbn0.gstatic.com/images?q=tbn:ANd9GcS1vKG5H0tDRvQzMy7m0uJUAF0UVYWpNR6SSLuQ5oN7hA&s=10,,
25,Midland,"Sun, Jul 28, 7:30 – 9:00 PM","Mountain Winery, 14831 Pierce Rd, Saratoga, CA",Find tickets for Midland at The Mountain Winery in Saratoga on 7/28/2024 at 7:30 PM,https://encrypted-tbn0.gstatic.com/images?q=tbn:ANd9GcSrI3FZFmpRaUcecl3lTgygI_QPVjc-wpOAQvuaWDtegA&s=10,4.4,865
26,Chante Moore,"Sat, Jul 6, 7:30 – 10:30 PM","Yoshi's, 510 Embarcadero West, Oakland, CA","The award-winning singer, songwriter, and producer who served up countless hits to fans throughout the years has a whole new outlook on life; and she is ready to share her inspiring story with the...",https://encrypted-tbn0.gstatic.com/images?q=tbn:ANd9GcTXyhnMSq01_17TEau6mH07sam5741bdHYU4EjwqBXrXgWYPFAu4AgoeBIdzg&s,4.6,2970
27,Diana Ross,"Fri, Aug 23, 7:30 – 9:00 PM","Mountain Winery, 14831 Pierce Rd, Saratoga, CA",Find tickets for Diana Ross at The Mountain Winery in Saratoga on 8/23/2024 at 7:30 PM,https://encrypted-tbn0.gstatic.com/images?q=tbn:ANd9GcTXeDQin3ILBY8zVM0VMD6oLy583ns2FOLTKbSWmnIhhg&s=10,4.4,865
28,Country Summer Music Festival,"Fri, Jun 14, 11 AM – Sun, Jun 16, 9 PM","Country Summer Music Festival, 1350 Bennett Valley Rd, Santa Rosa, CA","Get ready for the Country Summer Music Festival in Santa Rosa, CA! From June 14-16, join us at the Sonoma County Fairgrounds for three days of top-notch country music. With chart-topping...",https://encrypted-tbn0.gstatic.com/images?q=tbn:ANd9GcS-Bz5rNNGNjq1VLR5lgEgVIe_wJLom-A_1y9a-ZWStkPF8z_IwmMqDx04Irw&s=10,5.0,1
29,Lynyrd Skynyrd + ZZ Top,"Thu, Sep 19, 6:30 – 8:00 PM","Toyota Pavilion at Concord, 2000 Kirker Pass Rd, Concord, CA","Please note: The term Concord Pavilion and/or Lynyrd Skynyrd as well as all associated graphics, logos, and/or other trademarks, tradenames or copyrights are the property of the Concord Pavilion...",https://encrypted-tbn0.gstatic.com/images?q=tbn:ANd9GcTH3c3hlNcgCzz_1wzZgztBb8rYdm1dK1GMOqjxpNuQoA&s=10,4.4,3478
30,Ken Carson,"Tue, Jul 23, 7:00 – 9:30 PM","The Warfield, 982 Market St, San Francisco, CA",Find tickets for Ken Carson at The Warfield in San Francisco on 7/23/2024 at 8:00 PM,https://encrypted-tbn0.gstatic.com/images?q=tbn:ANd9GcR4vwxN6jQmeecqhNKH_fwG690cwxnfPLFBsMX0M-Sjkg&s=10,4.5,3251
31,2024 IU HEREH WORLD TOUR CONCERT,"Tue, Jul 30, 7:30 – 11:30 PM","Oakland Arena, 7000 S Coliseum Wy, Oakland, CA",Copyright © 2024 Oakland Arena. / Terms of Use / Privacy Policy | Cookie Preferences | Do Not Sell or Share My Info | Accessibility / Site Map a carbon house experience,https://encrypted-tbn0.gstatic.com/images?q=tbn:ANd9GcScMcBuCd8nMY4AyGzYRiNaf8AkqUlKPxJMgfA0H1LEBg&s,4.4,9664
32,Joe Jackson,"Fri, Jun 28, 8:00 – 9:30 PM","The Curran Theatre, 445 Geary St, San Francisco, CA","Please note: The term Curran Theatre and/or Joe Jackson as well as all associated graphics, logos, and/or other trademarks, tradenames or copyrights are the property of the Curran Theatre and/or...",https://encrypted-tbn0.gstatic.com/images?q=tbn:ANd9GcQThw9nbUZFPbuY_l9MCWYRxQX0xxvTDy-AazZywvrcyxmzOWvQpdakrzDbfg&s,4.6,1252
33,"Ciara with Timbaland, Missy Elliott, Busta Rhymes","Tue, Jul 9, 7:00 – 8:30 PM","Oakland Arena, 7000 S Coliseum Wy, Oakland, CA",Copyright © 2024 Oakland Arena. / Terms of Use / Privacy Policy | Cookie Preferences | Do Not Sell or Share My Info | Accessibility / Site Map a carbon house experience,https://encrypted-tbn0.gstatic.com/images?q=tbn:ANd9GcRumurJx9siPt52aD5Pu82YCxETQRknk9t1q3-cVQ3_5w&s,4.4,9664
34,Gary Clark Jr,"Sat, Aug 17, 8 – 10 PM","SF Masonic Auditorium, 1111 California St, San Francisco, CA",Find tickets for Gary Clark Jr. at The Masonic in San Francisco on 8/17/2024 at 8:00 PM,https://encrypted-tbn0.gstatic.com/images?q=tbn:ANd9GcRqU7dEv-m1UrkOWPf9Wpom8araZ55kpQuqBEIc6QjZ_w&s=10,4.5,2470
35,Boy George & Squeeze,"Sat, Aug 17, 7:30 – 9:00 PM","Fox Theater, 1807 Telegraph Ave, Oakland, CA","Seen Squeeze and Boy George? Loved it? Hated it? Help your fellow San Francisco Theater visitors by leaving the first review. Everyone will love you for it, we promise!",https://encrypted-tbn0.gstatic.com/images?q=tbn:ANd9GcRDg8xjPL4f8EhzJygxOM5wSdhMZY0O3BVi8yqRgxQm4YZL0I3bKrFk_Ps4YQ&s=10,4.8,4256
36,Breland,"Wed, Jun 19, 8 PM – Thu, Jun 20, 2 AM","The Independent, 628 Divisadero St, San Francisco, CA","Boundary-shattering breakout star, BRELAND is pushing the possibilities of Country music on a global scale. Since the arrival of his PLATINUM-certified debut single “My Truck,” the New Jersey-bred...",https://encrypted-tbn0.gstatic.com/images?q=tbn:ANd9GcQ0ihm0EbinejJqHDVnZAY4XHJMwiP6Ql8iQqv9f_OdhGbSImjUGIWGs9e8xg&s=10,4.7,1327
37,You Should Be Dancing - A Tribute To The Bee Gees,"Fri, Jun 21, 9:00 – 10:30 PM","Bimbo's 365 Club, 1025 Columbus Ave, San Francisco, CA","We are a resale marketplace, not the venue. Prices are set by sellers and may be above or below face value.",https://encrypted-tbn0.gstatic.com/images?q=tbn:ANd9GcTGIXnXp1oQ6awOiJl5S8YuNrj2B_joR-QyxDe7ven8cg&s=10,4.6,479
38,DJ Pauly D,"Sat, Jul 13, 11 AM – 5 PM","Graton Resort and Casino, 288 Golf Course Dr W, Rohnert Park, CA",Find tickets for DJ Pauly D at The Pool at Graton Resort & Casino in Rohnert Park on 7/13/2024 at 11:00 AM,https://encrypted-tbn0.gstatic.com/images?q=tbn:ANd9GcS_UUqJzzJDJsYpN9M23tHXO4_eKz6MqrqmVGpvi8aJH2LqWZLqKtP1sx1zCg&s=10,4.0,15423
39,Jason Mraz,"Wed, Aug 7, 7 – 9 PM","Mountain Winery, 14831 Pierce Rd, Saratoga, CA","Jason Mraz is living full spiral. It's not full circle, exactly, because he's changed and his experiences have changed, but on his 8th studio album, Mystical Magical Rhythmical Radical Ride, the...",https://encrypted-tbn0.gstatic.com/images?q=tbn:ANd9GcRimn2MPAGQkMxT-wQMBnUjihvRzXlF5nAYuywSQ93Ryw&s=10,4.4,865
40,Ellen DeGeneres,"Mon, Jul 1, 7:30 – 9:30 PM","Luther Burbank Center for the Arts, 50 Mark West Springs Rd, Santa Rosa, CA","As a beloved television icon and entertainment pioneer, Ellen DeGeneres has a distinctive comedic voice that has resonated with audiences from her first stand-up comedy appearance through her work...",https://encrypted-tbn0.gstatic.com/images?q=tbn:ANd9GcQv5_t7Gnk-7xCDRzMvYKZaXIxyoxkbw1VYwkbTsJLU_d3DnFAgN-OX00LOjA&s=10,4.5,200
41,Josh Groban,"Fri, Jun 21, 8:00 – 9:30 PM","THE VENUE AT THUNDER VALLEY, 1200 Athens Ave, Lincoln, CA","The man who got his start as a stand in for opera star Andrea Bocelli brings his warm and versatile voice to the stage. Although classically trained, his eclectic tastes and wide vocal range lets...",https://encrypted-tbn0.gstatic.com/images?q=tbn:ANd9GcSvJhCo9LkqnNc7FMNvRpd0ZihZgWMC9vQjysGZvYJ_aZlQGxxcTDQNVi4bog&s=10,4.6,543
42,Los Angeles Azules,"Sun, Oct 6, 8:00 – 9:30 PM","Hard Rock Live, 3317 Forty Mile Rd, Wheatland, CA",Find tickets for Los Ángeles Azules at Hard Rock Live Sacramento in Wheatland on 10/6/2024 at 8:00 PM,https://encrypted-tbn0.gstatic.com/images?q=tbn:ANd9GcSirPvpG4Qert9DjwjKkZPQvdJzc6XIJnDE6-15w1m_1nfUSfqvjruk1wRmaQ&s=10,4.6,299
43,Ellen DeGeneres,"Tue, Jul 2, 7:30 – 9:30 PM","Luther Burbank Center for the Arts, 50 Mark West Springs Rd, Santa Rosa, CA","Live Nation Presents Ellen\'s Last Stand...Up Tuesday, July 2, 2024, at 7:30 pm $55, $75, and $95 As a beloved television icon and entertainment pioneer, Ellen DeGeneres has a distinctive comedic...",https://encrypted-tbn0.gstatic.com/images?q=tbn:ANd9GcTH3c3hlNcgCzz_1wzZgztBb8rYdm1dK1GMOqjxpNuQoA&s=10,4.5,200
44,Spice Wannabe,"Sun, Jun 30, 8:00 – 9:30 PM","Alameda County Fairgrounds, 2005 Valley Ave Gate 8, Pleasanton, CA","Spice Wannabe is bringing us back to the 90’s with their high energy show, paying tribute to the best selling girl group of all time The Spice Girls! Live with five part harmonies, original...",https://encrypted-tbn0.gstatic.com/images?q=tbn:ANd9GcS6U3Dt4Wwfw7rRqqNfG_l52ePGp_yVMbxtlGYjGeSBjQ&s=10,4.3,4568
45,Whitney Cummings,"Thu, Jul 25, 7:30 – 9:30 PM","Cobb's Comedy Club, 915 Columbus Ave, San Francisco, CA",Find tickets for Whitney Cummings at Cobb's Comedy Club in San Francisco on 7/25/2024 at 7:30 PM,https://encrypted-tbn0.gstatic.com/images?q=tbn:ANd9GcQhkSER86Aa80H3BM0XFvYA-z7cErMscL0UbtVv2D2axQ&s=10,4.3,1749
46,Round Rock Express at Sacramento River Cats,"Fri, Jun 21, 6:45 – 8:45 PM","Sutter Health Park, 400 Ballpark Dr, West Sacramento, CA","Buy Round Rock Express at Sacramento River Cats tickets at Sutter Health Park in West Sacramento, CA on Jun 21, 6:45 PM with fast delivery, fair pricing and our 100% buyer guarantee at NIGHTOUT.",https://encrypted-tbn0.gstatic.com/images?q=tbn:ANd9GcTH3c3hlNcgCzz_1wzZgztBb8rYdm1dK1GMOqjxpNuQoA&s=10,4.6,3193
47,Round Rock Express at Sacramento River Cats,"Tue, Jun 18, 6:45 – 8:45 PM","Sutter Health Park, 400 Ballpark Dr, West Sacramento, CA","Discover the best events and activities in West Sacramento on 18th June 2024. From live concerts to art exhibitions, find the perfect thing to do for an unforgettable day out.",https://encrypted-tbn0.gstatic.com/images?q=tbn:ANd9GcTH3c3hlNcgCzz_1wzZgztBb8rYdm1dK1GMOqjxpNuQoA&s=10,4.6,3193
48,Jason Mraz & The Superband,"Fri, Aug 9, 7:30 – 11:30 PM","Thunder Valley Casino Resort, 1200 Athens Ave, Lincoln, CA","Jason Mraz is light years away from his days in the San Diego coffee shop scene in 2000, where he first came to prominence. This amazing singer-songwriter’s hit singles like “The Remedy (I Won’t...",https://encrypted-tbn0.gstatic.com/images?q=tbn:ANd9GcRsVLRdVkXy77M9pXmH_QK9gj5L5Amyj8iM1EqJ6u6gbRwDF3u-wgwdk3pJnQ&s=10,4.1,15518
49,Round Rock Express at Sacramento River Cats,"Sun, Jun 23, 1:05 – 3:05 PM","Sutter Health Park, 400 Ballpark Dr, West Sacramento, CA","Buy Round Rock Express at Sacramento River Cats tickets for 06/23/2024 in West Sacramento, CA from Vivid Seats and be there in person for all the action!",https://encrypted-tbn0.gstatic.com/images?q=tbn:ANd9GcTH3c3hlNcgCzz_1wzZgztBb8rYdm1dK1GMOqjxpNuQoA&s=10,4.6,3193
53,Paula Poundstone,"Sat, Jun 15, 8 – 10 PM","Rio Theatre, 1205 Soquel Ave, Santa Cruz, CA",The Rio Theatre present protocol : masks are highly encouraged except when eating or drinking Please read entire Rio Theatre Covid19 Protocols,https://encrypted-tbn0.gstatic.com/images?q=tbn:ANd9GcSvDtnbCySsFOf0-LBNFuLIrPlSYZUYehR17vjzLpEXG7dzOQJfBxsMMW_FlA&s=10,4.5,421
54,SHEKU KANNEH-MASON,"Sat, Jun 15, 7:30 – 11:30 PM","Louise M. Davies Symphony Hall, 201 Van Ness Ave, San Francisco, CA",Members of the San Francisco Symphony Chamber Music is happening on Saturday June 15 2024 at 02 00PM PDT at San Francisco Symphony.To access further details about this event Click on the provided...,https://encrypted-tbn0.gstatic.com/images?q=tbn:ANd9GcTpxjaGBzb7nLCqpg_wHiTZAi6NaTMrO8BYNYn30cqf8g&s=10,4.8,395
55,Exhumed,"Fri, Jun 14, 7 PM – Sat, Jun 15, 1 AM","Eli's Mile High Club, 3629 Martin Luther King Jr Way, Oakland, CA",Find tickets for Exhumed at Eli's Mile High Club in Oakland on 6/14/2024 at 7:00 PM,https://encrypted-tbn0.gstatic.com/images?q=tbn:ANd9GcSHeAVGgrAi0kxPUrJMnezZPswoV97pRK-kHTjBsM1xSw&s=10,4.5,210
56,Inland Empire 66ers at San Jose Giants,"Sun, Jun 16, 1 – 3 PM","Excite Ballpark, 588 E Alma Ave, San Jose, CA","A local source for things to do and events in the San Francisco Bay Area including concerts, nightlife, theater, street fairs and festivals, museums and more at SFGate",https://encrypted-tbn0.gstatic.com/images?q=tbn:ANd9GcR0vBzOHEWlkWHHAFNjT5i6wyTMWX5Mtr-Qrhi6l4fJMudK-2VN4F1Y3nRXMA&s=10,4.6,693
57,Kool & The Gang: Hope Services Benefit Concert,"Fri, Jun 14, 7 – 9 PM","Mountain Winery, 14831 Pierce Rd, Saratoga, CA","Join us for an unforgettable evening as Hope Services returns to the Mountain Winery for its 6th Annual ""In Concert With Hope"" fundraiser. The event promises a memorable evening featuring the...",https://encrypted-tbn0.gstatic.com/images?q=tbn:ANd9GcSJ5WFmyDx0JSs_nvwi4wcTWjoFD3LcaXXrVyXjTks7_Q&s=10,4.4,865
59,V101 Summer Jam ‘24,"Sat, Jun 15, 7 – 11 PM","Thunder Valley Casino Resort, 1200 Athens Ave, Lincoln, CA","V101's Summer Jam 2020 brings the party to Thunder Valley! The line up is fire and the vibe is tighter than ever featuring artists TLC, Ginuwine, Sisqó, Color Me Badd, and Candyman. Summer (and...",https://encrypted-tbn0.gstatic.com/images?q=tbn:ANd9GcSX8WPKnoG4R7s-hmT5Gfe45jDbuJ23JsJYLu9Mq_47nivDfKVXuzMV1fg5_g&s=10,4.1,15518
60,2024 P1Harmony LIVE TOUR [P1ustage H: UTOP1A] IN North America,"Fri, Jun 14, 7:00 – 8:30 PM","Oakland Arena, 7000 S Coliseum Wy, Oakland, CA",Visiting Oakland? Check this out ⬇️ ▪️ Things to do in Oakland ▪️ Restaurants in Oakland ▪️ Hotels Near the Oakland Arena ▪️ NIghtlife in Oakland,https://encrypted-tbn0.gstatic.com/images?q=tbn:ANd9GcTLymqnukYitzUa-DKBlF_yrdA8Zy1ZERgd31q5_931eQ&s=10,4.4,9664
63,"Kalimba: Spirit of Earth, Wind & Fire","Fri, Jun 14, 6:30 – 9:30 PM","Swabbies On The River Restaurant & Bar, 5871 Garden Hwy, Sacramento, CA",Please note: Once all discounted advance tickets are sold out at Eventbrite - you can still pay for cover charges at the door until all available tables and time are sold out. About Kalimba : The...,https://encrypted-tbn0.gstatic.com/images?q=tbn:ANd9GcTM5PY7yU64JLUCQLcZWeAYsSmS9M7EJgCYLzhMNSoZNA&s,4.5,2727
65,"Abbamania Night Fever - A Tribute To The Bee Gees,","Sat, Jun 29, 8 – 9 PM","Fox Theatre, 2215 Broadway, Redwood City, CA",Mania - ABBA Tribute and Night Fever - Bee Gees Tribute is happening on Saturday June 29 2024 at 08 00PM PDT at Fox Theatre.To access further details about this event Click on the provided website...,https://encrypted-tbn0.gstatic.com/images?q=tbn:ANd9GcSIsmkz1h7oqvqx7aQezPoN_BS4NWEPClzd42a18VZZhQ&s=10,4.4,403
66,Thomas Anders,"Fri, Aug 16, 8:00 – 9:30 PM","San Jose Civic, 135 W San Carlos St, San Jose, CA","You're invited for an evening of Euro Dance Music entertainment featuring Thomas Anders from Modern Talking with his live band, and featuring Sabrina Salerno (Boys) and Precious Wilson (One Way...",https://encrypted-tbn0.gstatic.com/images?q=tbn:ANd9GcTGIXnXp1oQ6awOiJl5S8YuNrj2B_joR-QyxDe7ven8cg&s=10,4.5,1943
67,RuPaul's Drag Race,"Thu, Aug 15, 8 – 10 PM","San Jose Civic, 135 W San Carlos St, San Jose, CA","When: August 15, 2024 @ 8:00pm Where: San Jose Civic | 135 West San Carlos Street, San Jose, CA 95113 Enter the “Werk Room” this summer and get ready to experience the high kicks and low splits of...",https://encrypted-tbn0.gstatic.com/images?q=tbn:ANd9GcQ3aX7FJ-aWVGjbcITdIM5fze0CX9QmIboOpRXlr8aZ2Z3z-GS9nQxGRk3-Dw&s=10,4.5,1943
68,CupcakKe,"Fri, Jun 14, 10:00 – 11:30 PM","1015 Folsom, 1015 Folsom St, San Francisco, CA",Find tickets for cupcakKe at 1015 Folsom in San Francisco on 6/14/2024 at 10:00 PM,https://encrypted-tbn0.gstatic.com/images?q=tbn:ANd9GcQnmHmAkgOjD89cO7haUng51-ouTPGptnmYjicijyN6wQ&s,3.5,378
69,Noel Miller - Comedian,"Sat, Jun 22, 7 – 11 PM","San Jose Improv, 62 S Second St, San Jose, CA","Noel is a beloved touring comedian, musician, director, podcaster & digital megastar. Noel's biting one-liners and topical social commentary have made him a force to be reckoned with in the comedy...",https://encrypted-tbn0.gstatic.com/images?q=tbn:ANd9GcQ6WgyIT0ZEab2wyAVN6QpXhSXm8X0A-MkInZeTBtzp6Q&s=10,4.3,2005
70,Chief Keef,"Tue, Aug 13, 8 – 11 PM","The Midway, 900 Marin St, San Francisco, CA",Find tickets for Chief Keef at The Midway in San Francisco on 8/13/2024 at 9:00 PM,https://encrypted-tbn0.gstatic.com/images?q=tbn:ANd9GcTCEpNPRdD1JCG-Y7YDtt2mJz2pp_wxirJIcef1jD-E4o-unJ4cJL_qr-ahYA&s,4.5,1851
71,Vampire Weekend,"Sun, Jun 16, 2:00 – 3:30 PM","The Greek Theatre, Hearst Greek Theatre, 2001 Gayley Rd, Berkeley, CA","Win Tickets to Vampire Weekend w/ Mike Gordon at Greek Theatre, June 16, 2024 on DoTheBay #DoTheBay",https://encrypted-tbn0.gstatic.com/images?q=tbn:ANd9GcTDFfZGwrIOeOeYDkYyk-nosWCJQWzrb6nzyvXzGcAbeA&s=10,4.7,2858
72,Aerosmith,"Sat, Nov 30, 7 – 8 PM","Chase Center, 1 Warriors Way, San Francisco, CA",Find tickets for Aerosmith with The Black Crowes at Chase Center in San Francisco on 11/30/2024 at 7:00 PM,https://encrypted-tbn0.gstatic.com/images?q=tbn:ANd9GcSZnqGS2GgNbuFtCZPvfQwM41blqvUAYKTIalEUQBLa7A&s=10,4.7,7887
73,GHOSTLY KISSES,"Fri, Jun 14, 9:00 – 10:30 PM","Brick & Mortar Music Hall, 1710 Mission St, San Francisco, CA",Find tickets for Ghostly Kisses with Kray at Brick and Mortar Music Hall in San Francisco on 6/14/2024 at 9:00 PM,https://encrypted-tbn0.gstatic.com/images?q=tbn:ANd9GcQQ3ISWAMwuHNdnByrk7C6nHGjH9x1TE2jBWlUmU5X-359Ih9LrL3PNgxTEuw&s=10,4.3,378
74,Ben Schwartz,"Fri, Aug 2, 8 – 10 PM","SF Masonic Auditorium, 1111 California St, San Francisco, CA","Seen Ben Schwartz? Loved it? Hated it? Help your fellow San Francisco Theater visitors by leaving the first review. Everyone will love you for it, we promise!",https://encrypted-tbn0.gstatic.com/images?q=tbn:ANd9GcTUcFqjQh37rqOBLMGsVZrmhP_dj1XqQlz1YfLCFExo2Q&s=10,4.5,2470
75,Girls Night Out,"Sat, Jun 29, 7 – 11 PM","Golden Gate Theatre, 1 Taylor St, San Francisco, CA",Find tickets for Koryn Hawthorne with Naomi Raine at Golden Gate Theater in San Francisco on 6/29/2024 at 7:00 PM,https://encrypted-tbn0.gstatic.com/images?q=tbn:ANd9GcQzlnkiPZ241j28cN52TmEbdNYqPEza07fX3cN1xnGBWQ&s,4.5,1695
76,Death To All,"Sun, Jun 23, 7 – 9 PM","The Catalyst, 1011 Pacific Ave, Santa Cruz, CA","Tickets $29.50 in advance/ $35 once doors openwith CRYPTOPSY and AGGRESSION This is a Single Date Show: ""From First To Last"" - The Greatest Classics From Every DEATH Album",https://encrypted-tbn0.gstatic.com/images?q=tbn:ANd9GcTZek0WNgms1vfeixktGxdLzlMHYglUDMF9b2FtoWZz6A&s=10,4.2,475
77,Bad Suns,"Fri, Jun 14, 7:00 – 10:30 PM","The Independent, 628 Divisadero St, San Francisco, CA",Find tickets for Bad Suns at The Independent in San Francisco on 6/14/2024 at 9:00 PM,https://encrypted-tbn0.gstatic.com/images?q=tbn:ANd9GcQXnOPk3IfKa7SZVnRZu-10IrJa1-1JjSugAlEkM7cGttv7xTWHzZxmGzqMfA&s=10,4.7,1327
78,Russell Dickerson,"Wed, Jun 26, 11:59 PM – Thu, Jun 27, 1:29 AM","Alameda County Fairgrounds, 2005 Valley Ave Gate 8, Pleasanton, CA","Russell Dickerson concert in Pleasanton, Tickets for Russell Dickerson in Pleasanton, is a concert which takes place on the 06/26/2024 at 08:00 in Alameda County Fairgrounds, Pleasanton, United...",https://encrypted-tbn0.gstatic.com/images?q=tbn:ANd9GcQuy1MWglP4MEfKZFgCwCQ1W1J9iZ1V2WiU8J8KK5NfJw&s=10,4.3,4568
79,Safra & Cloud9 present Joezi,"Fri, Jun 14, 9:00 PM – Sat, Jun 15, 3:30 AM","Madarae, 46 Minna St, San Francisco, CA",Safra & Cloud9 present an unforgettable night with Afro-house producer Joezi at Madarae!,https://encrypted-tbn0.gstatic.com/images?q=tbn:ANd9GcQv7h_fGJeB4JQCOOFRhNgSM5XHJ5EDjJD3-4ui1oRb8A&s,3.6,70
81,Sarah Silverman,"Mon, Jun 17, 7 – 10 PM","The Punch Line San Francisco, 444 Battery St, San Francisco, CA",Find tickets for Sarah Silverman at Punch Line Comedy Club - San Francisco in San Francisco on 6/17/2024 at 7:00 PM,https://encrypted-tbn0.gstatic.com/images?q=tbn:ANd9GcTQtHcm73mU9qNWkzwgvL_1caJT1ZfQxpyDkgkXLH_Ci_UJFnHjAqBm9GYVdw&s=10,4.4,971
83,Whitney Cummings,"Sat, Jul 27, 7 – 11 PM","Cobb's Comedy Club, 915 Columbus Ave, San Francisco, CA",Find tickets for Whitney Cummings at Cobb's Comedy Club in San Francisco on 7/27/2024 at 7:00 PM,https://encrypted-tbn0.gstatic.com/images?q=tbn:ANd9GcQhkSER86Aa80H3BM0XFvYA-z7cErMscL0UbtVv2D2axQ&s=10,4.3,1749
84,Brian McKnight,"Sat, Jul 6, 8:00 – 9:30 PM","Blue Note Summer Sessions, 850 Bordeaux Way, Napa, CA",Find tickets for Brian McKnight at Blue Note Summer Sessions in Napa on 7/6/2024 at 8:00 PM,https://encrypted-tbn0.gstatic.com/images?q=tbn:ANd9GcRbRw14T-rG5ASvOKmQMHkFUKZXV_uCOl6r0IRp5v4aKz5enDe8VjtTnpYtOw&s=10,,
85,Noah Kahan,"Fri, Jul 5, 6:30 – 9:30 PM","The Greek Theatre, Hearst Greek Theatre, 2001 Gayley Rd, Berkeley, CA","As Noah Kahan changes, he casts those experiences onto songs like light through a film projector. At the core of the music's upbeat energy and unfiltered lyrics, you'll hear who he was before and...",https://encrypted-tbn0.gstatic.com/images?q=tbn:ANd9GcRfi_fTwqh_8j_M38CWpnEA8WqpM-4R0yhhnPmGMdJYt2G1LUz7ZEDKcwHFDYk&s=10,4.7,2858
86,Commodores,"Sun, Jul 14, 2 – 6 PM","Stern Grove Festival Association, 832 Folsom St UNIT 1000, San Francisco, CA",Find tickets for Commodores at Stern Grove Festival in San Francisco on 7/14/2024 at 2:00 PM,https://encrypted-tbn0.gstatic.com/images?q=tbn:ANd9GcR9rGReQmBTHTWrrgawO4Ngj_mt7RoEm-95DEK9uHBc0A&s,3.9,12
87,PARTYNEXTDOOR,"Mon, Jul 1, 7:00 – 9:30 PM","Fox Theater, 1807 Telegraph Ave, Oakland, CA",Find tickets for PARTYNEXTDOOR at Fox Theater - Oakland in Oakland on 7/1/2024 at 8:00 PM,https://encrypted-tbn0.gstatic.com/images?q=tbn:ANd9GcR5soaUm7z_ij4cAzU7yDtJC1TuhVCWLf6JSaVvtK8b8Jn_RUxcWkUHaKLtcA&s=10,4.8,4256
88,Azealia Banks,"Fri, Jun 28, 10:00 – 11:30 PM","1015 Folsom, 1015 Folsom St, San Francisco, CA","Find tickets for Azealia Banks with Vertigo, Five, Rye Rye and 1 more at 1015 Folsom in San Francisco on 6/28/2024 at 10:00 PM",https://encrypted-tbn0.gstatic.com/images?q=tbn:ANd9GcSP5A3zElN5LJnKxTKD3pCUFLVhpF5TrEJqtb4wsf2Jy7sNYi4S6E457uvlyg&s,3.5,378
89,Panter Belico,"Sat, Jun 22, 8:00 – 9:30 PM","Golden 1 Center, 500 David J Stern Walk, Sacramento, CA","Seen Panter Belico? Loved it? Hated it? Help your fellow Sacramento Theater visitors by leaving the first review. Everyone will love you for it, we promise!",https://encrypted-tbn0.gstatic.com/images?q=tbn:ANd9GcS9K8ZrHgk_UvCM7E3sPWfM6qX8tVN3aQMpPWWCmHULWo9g3OvnBnHBbp-N1A&s=10,4.5,9034
90,Tom's Elton Tribute,"Thu, Aug 1, 7 – 11 PM","Historic BAL Theatre, 14808 E 14th St, San Leandro, CA","An independent show guide not a venue or show. All tickets 100% guaranteed, some are resale, prices may be above face value. We're an independent show guide not a venue or show. We sell primary...",https://encrypted-tbn0.gstatic.com/images?q=tbn:ANd9GcS02Lfq8IkGw4X0dnXnGnSTgXdPkXBtgHJOWiVPbG46egl3kgBfszZyfriB6Q&s,4.4,340
91,ATEEZ,"Wed, Jul 17, 7:30 – 9:00 PM","Oakland Arena, 7000 S Coliseum Wy, Oakland, CA",Visiting Oakland? Check this out ⬇️ ▪️ Things to do in Oakland ▪️ Restaurants in Oakland ▪️ Hotels Near the Oakland Arena ▪️ NIghtlife in Oakland,https://encrypted-tbn0.gstatic.com/images?q=tbn:ANd9GcQdHpLjSKbUG6WmZ7t5wvneCP2Xjmy1qRdDxDQ6dlPAkw&s,4.4,9664
92,UB40,"Tue, Jul 30, 7:00 – 8:30 PM","Ace of Spades, 1417 R St, Sacramento, CA",Find tickets for UB40 at Ace Of Spades in Sacramento on 7/30/2024 at 7:30 PM,https://encrypted-tbn0.gstatic.com/images?q=tbn:ANd9GcRSPPe_GxSdjAtld1t-dh8AfW03WwyMU62sqGwGsxqJ8g&s=10,4.5,3025
93,Olivia Rodrigo,"Fri, Aug 2, 7:30 – 10:30 PM","Chase Center, 1 Warriors Way, San Francisco, CA","Multi-platinum, three-time Grammy award-winning artist Olivia Rodrigo announced her highly anticipated GUTS world tour will make a stop at Chase Center on Friday, Aug. 2, 2024. Following the...",https://encrypted-tbn0.gstatic.com/images?q=tbn:ANd9GcRm8h2OPqujSD00bP1uNj46mFEffGbrQMN6I3XDWBD4vA&s=10,4.7,7887
94,USHER: Past Present Future,"Sat, Sep 28, 8:00 – 9:30 PM","Oakland Arena, 7000 S Coliseum Wy, Oakland, CA","Usher Raymond IV is an American singer, songwriter, and dancer. He is recognized as an influential figure in contemporary R&B and pop music. Usher first released his self-titled debut album at the...",https://encrypted-tbn0.gstatic.com/images?q=tbn:ANd9GcQnQ4yPTFSioCX6UjpFecJStg8dm6JImL488SbY1hfxdg&s=10,4.4,9664
95,The Script,"Tue, Sep 10, 7:30 – 9:00 PM","Fox Theater, 1807 Telegraph Ave, Oakland, CA","The Script were on a high – a glorious, global high, and rightly so. With worldwide streams numbering 10 billion, 12 million albums sold, two platinum-selling US singles, six Number One UK albums...",https://encrypted-tbn0.gstatic.com/images?q=tbn:ANd9GcS4xLDrJkEQXvZE0o-Cvt3o64EcVuQiYJ7X6zNcsGr1zA&s,4.8,4256
97,Todd Rundgren,"Wed, Jun 26, 8:00 – 9:30 PM","Golden State Theatre, 417 Alvarado St, Monterey, CA",Tickets $40-$90 VIP $199-$219 Todd Rundgren: ME/WE VIP Package Includes: - One premium reserved ticket in the first 10 rows or general admission (where applicable) -Digitally autographed lyric...,https://encrypted-tbn0.gstatic.com/images?q=tbn:ANd9GcR6SYZ0LJIr8wFz-dvuieBfc41yfExLi9eKUXsYQV0FUHmTuWmWd_diQrZHEg&s=10,4.5,392
98,Joey Fatone and A.J. McLean,"Sun, Jun 23, 8 – 10 PM","The Warfield, 982 Market St, San Francisco, CA",Find tickets for AJ McLean at The Warfield in San Francisco on 6/23/2024 at 8:00 PM,https://encrypted-tbn0.gstatic.com/images?q=tbn:ANd9GcSeYhNbh4IOarkHS8u15yF8AQ2R5GZv0Jmz4VMqDXXN5g&s=10,4.5,3251
99,Pete Floyd,"Fri, Jul 26, 9:00 – 10:30 PM","The Chapel, 777 Valencia St, San Francisco, CA","Driven by two lead guitarists of the same name, Pete Floyd is an 8-piece all-star ensemble of seasoned Bay Area, CA musicians paying tribute with passion, power and purpose to the music of Pink...",https://encrypted-tbn0.gstatic.com/images?q=tbn:ANd9GcQEhfosIuEkjyEGovVkr8MWT3DoYxC4D6rib8bQ5VY8ThMD1yAOLa8MKFah2w&s=10,4.7,486
104,Martin Garrix,"Sat, Jun 15, 8:00 – 9:30 PM","Bill Graham Civic Auditorium, 99 Grove St, San Francisco, CA",Find tickets for Martin Garrix at Bill Graham Civic Auditorium in San Francisco on 6/15/2024 at 8:00 PM,https://encrypted-tbn0.gstatic.com/images?q=tbn:ANd9GcQWmYBNd6OmSDLPraOgsLA094fM3P23ThmUJaW15QLc1UprWBXCkgB-449hZQ&s=10,4.5,3292
106,Little Big,"Fri, Jun 14, 8:00 – 9:30 PM","The UC Theatre Taube Family Music Hall, 2036 University Ave, Berkeley, CA",Find tickets for Little Big at The UC Theatre in Berkeley on 6/14/2024 at 8:00 PM,https://encrypted-tbn0.gstatic.com/images?q=tbn:ANd9GcR5vJ1lSjcTas0pbmILrnVznDtkvfbjtIIT99VBBiKn7nlJddrUUlbfw_PSLQ&s=10,4.6,1159
107,Badshah,"Sun, Jun 16, 7 – 9 PM","Oakland Arena, 7000 S Coliseum Wy, Oakland, CA",Visiting Oakland? Check this out ⬇️ ▪️ Things to do in Oakland ▪️ Restaurants in Oakland ▪️ Hotels Near the Oakland Arena ▪️ NIghtlife in Oakland,https://encrypted-tbn0.gstatic.com/images?q=tbn:ANd9GcRUMpnw7uccQ58lxMPF9Y3lb3CQPGzXT7kqPnbIYaalqQ&s,4.4,9664
108,Sarah Silverman,"Fri, Jun 14, 7:30 – 11:45 PM","The Punch Line San Francisco, 444 Battery St, San Francisco, CA",Find tickets for Sarah Silverman at Punch Line Comedy Club - San Francisco in San Francisco on 6/14/2024 at 7:30 PM,https://encrypted-tbn0.gstatic.com/images?q=tbn:ANd9GcTQtHcm73mU9qNWkzwgvL_1caJT1ZfQxpyDkgkXLH_Ci_UJFnHjAqBm9GYVdw&s=10,4.4,971
111,Hannah Gadsby,"Fri, Jun 14, 7:30 – 9:30 PM","Fox Theater, 1807 Telegraph Ave, Oakland, CA",Hannah Gadsby has been a comedian for more than a decade but it was 2018 when the world took notice when their ground breaking comedy special launched on Netflix and stopped the comedy world in...,https://encrypted-tbn0.gstatic.com/images?q=tbn:ANd9GcR_YfHhK2L1FDkJ2uYg_utvXMWN0dbL5l-hcwCchnd9jg&s=10,4.8,4256
113,Tye Tribbett,"Fri, Jun 14, 7:30 – 9:30 PM","SF Masonic Auditorium, 1111 California St, San Francisco, CA",Find tickets for Tye Tribbett at The Masonic in San Francisco on 6/14/2024 at 7:30 PM,https://encrypted-tbn0.gstatic.com/images?q=tbn:ANd9GcRK0Z2p4ZLE0aqOvoiwNndxckyxoY_L4bM4WVWXn5lr8Y8slzqbWWuBWhHYMw&s=10,4.5,2470
115,DARUDE,"Fri, Jun 14, 9:30 – 11:00 PM","Audio Nightclub, 316 11th St, San Francisco, CA",Find tickets for Darude at Audio SF in San Francisco on 6/14/2024 at 9:30 PM,https://encrypted-tbn0.gstatic.com/images?q=tbn:ANd9GcS9Yr93wXN3xI11uwPY1rwX-KQMcxHVUixSKj8NMfbCeay36Q-7Bp8ELR87Rg&s,3.8,274
118,PEACH PRC,"Sat, Jun 15","The Independent, 628 Divisadero St, San Francisco, CA",Peach PRC takes the things you only say on text to close friends (or exes) and turns them into pop that shimmers as much as it singes. The rising pop star packs an often-unbelievable journey from...,https://encrypted-tbn0.gstatic.com/images?q=tbn:ANd9GcRuvmVJUrXLLHjWmK4L9XvyZ-fUnZyGDZFI02iGHSdFow&s=10,4.7,1327
119,La Makina with Nino Segarra,"Sat, Jun 15, 6 PM – Sun, Jun 16, 12 AM","Saroyan Hall, 825 Brotherhood Way, San Francisco, CA",Find tickets for La Makina with Nino Segarra at ARMENIAN COMMUNITY CENTER HALL in San Francisco on 6/15/2024 at 6:00 PM,https://encrypted-tbn0.gstatic.com/images?q=tbn:ANd9GcRGdxEkXM5GbwslVelJjpAmdcJ4GEaBkOrXsAMcAxlKAw&s=10,5.0,4
125,Vampire Weekend,"Sat, Jun 15, 6:30 – 8:00 PM","The Greek Theatre, Hearst Greek Theatre, 2001 Gayley Rd, Berkeley, CA","Touring in support of their 5th record, Only God Was Above Us Vampire Weekend, The Greek Theatre Berkley, San Francisco",https://encrypted-tbn0.gstatic.com/images?q=tbn:ANd9GcQLKN6EpItbS1PHnot2iP9jXLqw0xE25HMTebSTrSx-YHRTCOj_alWnxymtUA&s=10,4.7,2858
128,FC Cincinnati at San Jose Earthquakes,"Sat, Jun 15, 7:15 – 9:30 PM","PayPal Park, 1123 Coleman Ave, San Jose, CA","FC Cincinnati travels to face Earthquakes, aiming to deliver another blowout (SJ lost by 4 in last match)",https://encrypted-tbn0.gstatic.com/images?q=tbn:ANd9GcSmNWeXxrs2r7lpGI8ppN7rkqbih2XB0fXNNQC5Ee36HiBTzotNGTI4WSvZhg&s=10,4.7,2969
131,Bill Burr,"Thu, Jun 20, 7:30 – 9:30 PM","San Jose Civic, 135 W San Carlos St, San Jose, CA",Find tickets for Bill Burr at San Jose Civic in San Jose on 6/20/2024 at 7:30 PM,https://encrypted-tbn0.gstatic.com/images?q=tbn:ANd9GcTcsg8nRcOHsGhU34-lMZKnUeb-mnS4y1wZIPBHN5lbDz9sH0nb0-xEySPAbg&s=10,4.5,1943
133,Viva La Quebradita Tour 2024 - Colusa,"Sun, Jun 16, 4 – 8 PM","Colusa County Fairgrounds, 1303 10th St, Colusa, CA","Get ready for a night full of music and fun with the Viva the Quebradita event! On June 16, Colusa The Capital of Jaripeo will be the stage for an unforgettable show with the presence of renowned...",https://encrypted-tbn0.gstatic.com/images?q=tbn:ANd9GcQu8GgwqsV1UdwxQlCr2WUxX7NQ5lsSz8cE31KRRAcpUw&s=10,4.2,341
134,San Francisco Gold Zone Tailgate: Rolling Stones,"Wed, Jul 17, 4 – 5 PM","Hilton Santa Clara, 4949 Great America Pkwy, Santa Clara, CA",San Francisco Gold Zone Tailgate Rolling Stones is happening on Wednesday July 17 2024 at 04 00PM PDT at Hilton Santa Clara.To access further details about this event Click on the provided website...,https://encrypted-tbn0.gstatic.com/images?q=tbn:ANd9GcTAcirIf_vCFz8kBklOZAT4gdTzZOsIkkl6LRKGhSrlLQ&s=10,4.2,2320
135,Rolling Stones,"Wed, Jul 17, 7:00 – 9:30 PM","Levi's Stadium, 4900 Marie P DeBartolo Way, Santa Clara, CA",Find tickets for The Rolling Stones at Levi's® Stadium in Santa Clara on 7/17/2024 at 7:30 PM,https://encrypted-tbn0.gstatic.com/images?q=tbn:ANd9GcRzN9KuKqYIgau8pbbkTkmM1gfIKr7PPoq2dKpToayAZQ&s,4.4,12131
136,Jim Gaffigan,"Fri, Jun 21, 8 – 10 PM","Mountain Winery, 14831 Pierce Rd, Saratoga, CA",Find tickets for Jim Gaffigan at The Mountain Winery in Saratoga on 6/21/2024 at 8:00 PM,https://encrypted-tbn0.gstatic.com/images?q=tbn:ANd9GcRCfalSXc_Fuze8l6PgSdJ13uNhhmGIVFVYUnAVjTzQFQ&s=10,4.4,865
137,Los Angeles Angels at San Francisco Giants,"Sun, Jun 16, 1:05 – 3:05 PM","Oracle Park, 24 Willie Mays Plaza, San Francisco, CA","Matchup between Angels and Giants on Jun 16, 2024",https://encrypted-tbn0.gstatic.com/images?q=tbn:ANd9GcTH3c3hlNcgCzz_1wzZgztBb8rYdm1dK1GMOqjxpNuQoA&s=10,4.7,27548
138,Panter Belico,"Fri, Jun 21, 8 – 11 PM","SAP Center, 525 W Santa Clara St, San Jose, CA","Check out Panter Belico at SAP Center in San Jose on June 21, 2024 and get detailed info for the event - tickets, photos, video and reviews.",https://encrypted-tbn0.gstatic.com/images?q=tbn:ANd9GcS9K8ZrHgk_UvCM7E3sPWfM6qX8tVN3aQMpPWWCmHULWo9g3OvnBnHBbp-N1A&s=10,4.6,11447
139,Bill Burr,"Sat, Jun 22, 7:30 – 9:30 PM","San Jose Civic, 135 W San Carlos St, San Jose, CA",Find tickets for Bill Burr at San Jose Civic in San Jose on 6/22/2024 at 7:30 PM,https://encrypted-tbn0.gstatic.com/images?q=tbn:ANd9GcS5kcDJeTEM4SiiowbJ9V8z8fq0aXLa7KovqDgdVBXBtA&s=10,4.5,1943
141,Sheng Wang,"Sat, Jun 15, 7 – 9 PM","San Jose Improv, 62 S Second St, San Jose, CA",Find tickets for Sheng Wang at San Jose Improv in San Jose on 6/15/2024 at 7:00 PM,https://encrypted-tbn0.gstatic.com/images?q=tbn:ANd9GcQAyECarLHbhC13dHETA5DnlgF9R7Z5efCyumCeCGNfOg&s=10,4.3,2005
146,Brett Young,"Fri, Jun 14, 7:30 – 9:00 PM","The Fruit Yard, 7948 Yosemite Blvd, Modesto, CA",Get your boots ready 'cause we're selling tickets to see Brett Young live in concert!,https://encrypted-tbn0.gstatic.com/images?q=tbn:ANd9GcQQCeNagCw7gvjS0eTm7szW50iNDH4aDMtKhUhxOIC0kw&s=10,4.5,3948
147,Colby Acuff,"Sun, Jun 16, 5 – 11 PM","Country Summer Music Festival, 1350 Bennett Valley Rd, Santa Rosa, CA",Find tickets for Colby Acuff at Country Summer Music Festival in Santa Rosa on 6/16/2024 at 7:00 PM,https://encrypted-tbn0.gstatic.com/images?q=tbn:ANd9GcRwZ6FK8OyQkA1EPGuYYt_Vtl5PUtNqwtd8KlmySmHgzxDVhJZdzTTN10KIiw&s=10,5.0,1
148,Donny Osmond,"Sat, Aug 17, 8:00 – 9:30 PM","San Jose Civic, 135 W San Carlos St, San Jose, CA","Donny Osmond is coming to the San Jose Civic August 17th! Throughout an illustrious six-decades-long career, Donny has earned 33 gold records: selling over 100 million albums becoming a worldwide...",https://encrypted-tbn0.gstatic.com/images?q=tbn:ANd9GcSc1FSM2S3CRWlQdroeffIR5G7q5YerjLhR4-BPzdKlug&s=10,4.5,1943
149,Jim Gaffigan,"Sat, Jun 22, 8 – 10 PM","Mountain Winery, 14831 Pierce Rd, Saratoga, CA",Find tickets for Jim Gaffigan at The Mountain Winery in Saratoga on 6/22/2024 at 8:00 PM,https://encrypted-tbn0.gstatic.com/images?q=tbn:ANd9GcQuzdPZWl0CP2cdxKtd8_hb_qqXkSZ7_yGqJUY_bXscfNYA5rPSGIpzH8hcXQ&s=10,4.4,865
161,Stayin' Alive,"Sat, Jun 15, 8:00 – 9:30 PM","Hard Rock Live, 3317 Forty Mile Rd, Wheatland, CA","Stayin’ Alive is the most realistic tribute performance of the Bee Gees to hit the stage. This fine group of musicians gives audiences the songs and sights of a full Bee Gees play list, singing...",https://encrypted-tbn0.gstatic.com/images?q=tbn:ANd9GcQ9EEn1DK9oEDhg_EYdV_wH-9IIIDwrrG5Fb6bUkiLYxg&s=10,4.6,299
162,Reik,"Fri, Jun 28, 8:00 – 9:30 PM","San Jose Civic, 135 W San Carlos St, San Jose, CA","Acclaimed Latin pop band Reik are excited to reveal their much-anticipated Panorama 2024 Tour, coming to 25 cities across the United States this summer. Presented by noted live event promoter Loud...",https://encrypted-tbn0.gstatic.com/images?q=tbn:ANd9GcSFPKqnE693Mw5tx_2Jm9HTY1_PDuzBO-_oap9IMnws_MU0oshTcjTqHgnI9g&s=10,4.5,1943
163,Harry Connick Jr.,"Tue, Jul 9, 8 PM – Wed, Jul 10, 12 AM","Mountain Winery, 14831 Pierce Rd, Saratoga, CA","Harry Connick, Jr.s career has exemplified excellence across multiple platforms in the entertainment world over the past three decades. He has received Grammy and Emmy awards as well as Tony...",https://encrypted-tbn0.gstatic.com/images?q=tbn:ANd9GcSrXXFOm50yCujKSq2fu2fNmMZwkH3wNn1bJVZ1yhSyyA&s,4.4,865
164,Air Supply,"Fri, Sep 6, 7 – 9 PM","Mountain Winery, 14831 Pierce Rd, Saratoga, CA","Air Supply Friday, September 6 | The Mountain Winery Graham Russell & Russell Hitchcock met on May 12, 1975, the first day of rehearsals for ""Jesus Christ Superstar"" in Sydney, Australia; they...",https://encrypted-tbn0.gstatic.com/images?q=tbn:ANd9GcTm8MmzHQop5eVk80ee6bvZZOdZgXO1ifikuOrL8IU-BA&s=10,4.4,865
170,Christian Nodal,"Fri, Sep 20, 8:00 – 9:30 PM","SAP Center, 525 W Santa Clara St, San Jose, CA",Find tickets for Christian Nodal at SAP Center at San Jose in San Jose on 9/20/2024 at 8:00 PM,https://encrypted-tbn0.gstatic.com/images?q=tbn:ANd9GcSKuF5KPRihP6iKIUak3MXYplkM8CHty-7vnRStJNjE9A&s=10,4.6,11447
171,Fleetwood Mask,"Sat, Jun 29, 7:30 – 9:00 PM","Bankhead Theater, 2400 First St, Livermore, CA",The legend lives on with the world’s most authentic tribute to Fleetwood Mac graciously endorsed by Fleetwood Mac founding member Mick Fleetwood. Audiences of all ages escape with the ‘five...,https://encrypted-tbn0.gstatic.com/images?q=tbn:ANd9GcRgKvnk82SwTiLj0jPKcRWE1sP9nIS8QMkohYD0cb7ygI34Phz-a5oTbA0Zmg&s,4.7,510
172,Moein,"Sat, Jul 20, 8:30 – 10:00 PM","San Jose Center for the Performing Arts, 255 S Almaden Blvd, San Jose, CA","Moein is an Iranian pop and traditional music singer. He started his career in music and singing at the age of 18. His first official song, called Yeki Ra Doost Midaram, was published in 1979 and...",https://encrypted-tbn0.gstatic.com/images?q=tbn:ANd9GcQRqn8XcOM_oBQ8ZPywOBX7fCtJpk26N4DBpuSaTS6oMw&s=10,4.5,2692
173,Rick Springfield,"Mon, Aug 12, 7:30 – 9:00 PM","Mountain Winery, 14831 Pierce Rd, Saratoga, CA","Rick Springfield & Richard Marx Rick Springfield’s first love has always been music, a lifelong passion ignited after picking up his first guitar at the age of 12 in his native Australia...",https://encrypted-tbn0.gstatic.com/images?q=tbn:ANd9GcT9-u_NZMgiERnQWfQzFru16Akn_nk9gH-gqr9alLBmpg&s=10,4.4,865
176,Shreya Ghoshal,"Sat, Jun 22, 8:00 – 9:30 PM","Oakland Arena, 7000 S Coliseum Wy, Oakland, CA",Visiting Oakland? Check this out ⬇️ ▪️ Things to do in Oakland ▪️ Restaurants in Oakland ▪️ Hotels Near the Oakland Arena ▪️ NIghtlife in Oakland,https://encrypted-tbn0.gstatic.com/images?q=tbn:ANd9GcTattEYZh1gyTFD0pszjkvuOESnbJko_6BlDbkRFPqe8w&s=10,4.4,9664
178,HOMBRES G - 40 Aniversario Tour 2024,"Sat, Jun 29, 8:00 – 9:30 PM","SAP Center, 525 W Santa Clara St, San Jose, CA",Find tickets for Hombres G at SAP Center at San Jose in San Jose on 6/29/2024 at 8:00 PM,https://encrypted-tbn0.gstatic.com/images?q=tbn:ANd9GcR97vwYHJ6wB5JtMxqx48eEGXuCyKZYaoK0Jfq2Z11q9Tk05rN-NMcklIo7gA&s=10,4.6,11447
179,Aventura,"Tue, Jul 23, 8:00 – 9:30 PM","Oakland Arena, 7000 S Coliseum Wy, Oakland, CA","Aventura is an American bachata group formed in The Bronx, New York. With the lineup always consisting of the members Romeo Santos, Henry Santos, Lenny Santos, and Max Santos, they are regarded as...",https://encrypted-tbn0.gstatic.com/images?q=tbn:ANd9GcTWcmwhLrJo6xteOV_2YAXlftfmrfVCW4gHIM2rQjb-Nw&s,4.4,9664
181,Chris Brown - The 11:11 Tour,"Wed, Jul 31, 7:30 – 11:30 PM","Oakland Arena, 7000 S Coliseum Wy, Oakland, CA","Christopher Maurice Brown is an American singer, songwriter, rapper, dancer and actor. He is one of the most prominent artists in R&B music, being credited as an evolver of the genre, and often...",https://encrypted-tbn0.gstatic.com/images?q=tbn:ANd9GcQmFdQNyBH0wnUd5wVPNEXg5zncSGGkjcefyocmv_pZMQ&s,4.4,9664
182,2024 NCT DREAM WORLD TOUR [THE DREAM SHOW 3: DREAM( )SCAPE],"Sat, Sep 14, 8:00 – 9:30 PM","Oakland Arena, 7000 S Coliseum Wy, Oakland, CA",Visiting Oakland? Check this out ⬇️ ▪️ Things to do in Oakland ▪️ Restaurants in Oakland ▪️ Hotels Near the Oakland Arena ▪️ NIghtlife in Oakland,https://encrypted-tbn0.gstatic.com/images?q=tbn:ANd9GcQTCwW5L7CKWJen4EpP_2KHGlfV8c0bZY-qlhbvsMdIcw&s,4.4,9664
184,Banda MS,"Sat, Nov 2, 8:00 – 9:30 PM","Oakland Arena, 7000 S Coliseum Wy, Oakland, CA",Visiting Oakland? Check this out ⬇️ ▪️ Things to do in Oakland ▪️ Restaurants in Oakland ▪️ Hotels Near the Oakland Arena ▪️ NIghtlife in Oakland,https://encrypted-tbn0.gstatic.com/images?q=tbn:ANd9GcQGLAISofJkcQ6CeuBMjdWT876kj2BaHHLjlmtmBR0f4w&s=10,4.4,9664
185,PJ Harvey,"Thu, Oct 10, 8 – 10 PM","SF Masonic Auditorium, 1111 California St, San Francisco, CA","Seen PJ Harvey? Loved it? Hated it? Help your fellow San Francisco Theater visitors by leaving the first review. Everyone will love you for it, we promise!",https://encrypted-tbn0.gstatic.com/images?q=tbn:ANd9GcQR_KIlClLduOfjHgNLHjO643Agg2SD4IwH_35abjhkKw&s=10,4.5,2470
186,HAUSER,"Sat, Jun 29, 8:00 – 9:30 PM","Fox Theater, 1807 Telegraph Ave, Oakland, CA","Since that fateful moment when he decided to create a new, musical experience out of the long and established traditions of classical, pop and rock music, HAUSER has been playing arena concerts...",https://encrypted-tbn0.gstatic.com/images?q=tbn:ANd9GcQ7KQFgstRJsPjmWUD7SBbHL6jwIgjdFo0z0SxURx24CQ&s,4.8,4256
187,Gryffin vs. Illenium Tribute Dance Night,"Fri, Jun 21, 9:30 PM – Sat, Jun 22, 6:00 AM","The Great Northern, 119 Utah St, San Francisco, CA",Get ready to immerse yourself in the music of Gryffin and Illenium.. This one-of-a-kind tribute night pays homage to two powerhouses of genre-defying electronic music. Expect a seamless fusion of...,https://encrypted-tbn0.gstatic.com/images?q=tbn:ANd9GcSFCEeoHltC_BJcumwryET8qYL73N_X6H5h54dgrL1y35VfvovANM8UGaHvRA&s,4.2,179
188,LIVE 105 Presents Twenty One Pilots - The Clancy World Tour,"Sat, Aug 24, 7:00 – 9:30 PM","Oakland Arena, 7000 S Coliseum Wy, Oakland, CA",Visiting Oakland? Check this out ⬇️ ▪️ Things to do in Oakland ▪️ Restaurants in Oakland ▪️ Hotels Near the Oakland Arena ▪️ NIghtlife in Oakland,https://encrypted-tbn0.gstatic.com/images?q=tbn:ANd9GcRLQ0S05lZodJGHugOIUVIatYtqKSLr_agT7P0fDSZLHA&s=10,4.4,9664
189,Adam Ray,"Sat, Aug 3, 7 – 9 PM","The Punch Line San Francisco, 444 Battery St, San Francisco, CA",Find tickets for Adam Ray at Punch Line Comedy Club - San Francisco in San Francisco on 8/3/2024 at 7:00 PM,https://encrypted-tbn0.gstatic.com/images?q=tbn:ANd9GcQmtGoDIXxK_ek_nlLLgsURpl9MBqRHQ4AhwEuzOd7POzU2i39WQY0SxjGGBQ&s,4.4,971
220,Ali Wong,"Sat, Aug 10, 7 – 9 PM","San Jose Center for the Performing Arts, 255 S Almaden Blvd, San Jose, CA",Find tickets for Ali Wong at San Jose Center for the Performing Arts in San Jose on 8/10/2024 at 7:00 PM,https://encrypted-tbn0.gstatic.com/images?q=tbn:ANd9GcRMYeRRDf6dm5duZvWSgpuvrceuWfe69JJti_ZOCY4wig&s=10,4.5,2692
230,Ali Wong,"Fri, Aug 9, 7:30 – 9:30 PM","San Jose Center for the Performing Arts, 255 S Almaden Blvd, San Jose, CA","Ali Wong is a critically acclaimed actress, comedian, writer and producer known for her breakout Netflix stand-up specials “Baby Cobra”, “Hard Knock Wife”, and the Emmy-nominated “Don Wong”. She...",https://encrypted-tbn0.gstatic.com/images?q=tbn:ANd9GcQOy7SNqyat5hzSD7NHlil4YQ9mTbd7dUfpQOZhITfxbQ&s=10,4.5,2692
231,El Tri,"Sat, Jun 22, 4:00 – 5:30 PM","Plaza de Cesar Chavez, 1 Paseo de San Antonio, San Jose, CA",Find tickets for El Tri at Plaza de César Chávez in San Jose on 6/22/2024 at 4:00 PM,https://encrypted-tbn0.gstatic.com/images?q=tbn:ANd9GcQ93zTtfSJVYyC855tQpir5c8LUApK-ad1gUgj2TRUfoXI0tztmYKMI59d_Cw&s=10,4.4,2985
234,The Beach Boys,"Sun, Jul 28, 4 – 6 PM","Plaza de Cesar Chavez, 1 Paseo de San Antonio, San Jose, CA",Find tickets for The Beach Boys at Plaza de César Chávez in San Jose on 7/28/2024 at 4:00 PM,https://encrypted-tbn0.gstatic.com/images?q=tbn:ANd9GcQ93zTtfSJVYyC855tQpir5c8LUApK-ad1gUgj2TRUfoXI0tztmYKMI59d_Cw&s=10,4.4,2985
235,Los Temerarios,"Fri, Jul 26, 8:00 – 9:30 PM","SAP Center, 525 W Santa Clara St, San Jose, CA",Find tickets for Los Temerarios at SAP Center at San Jose in San Jose on 7/26/2024 at 8:00 PM,https://encrypted-tbn0.gstatic.com/images?q=tbn:ANd9GcR-AmvK1cZMS_7kMwpSyqqFoPw2vEeYXMBmy6unixhr4Q&s=10,4.6,11447
239,Mariachi Sol de Mexico,"Sun, Jun 16, 5:00 – 6:30 PM","The Bob Hope Theatre, 242 E Main St, Stockton, CA",Find tickets for Mariachi Sol De Mexico at Bob Hope Theatre in Stockton on 6/16/2024 at 5:00 PM,https://encrypted-tbn0.gstatic.com/images?q=tbn:ANd9GcSMY2wpJ0RfQZ4O7eyWEg7SZbr8h3uhoCCKL6td9QEA-91jtwYX0jNU0enV0Q&s,4.6,1028
241,HAUSER,"Fri, Jun 28, 7:30 – 9:30 PM","Mountain Winery, 14831 Pierce Rd, Saratoga, CA",Find tickets for HAUSER at The Mountain Winery in Saratoga on 6/28/2024 at 7:30 PM,https://encrypted-tbn0.gstatic.com/images?q=tbn:ANd9GcSVkiV8fS3X0uROZzt_BIZ7eQRf6wcq7bw47FRP-luFNA&s=10,4.4,865
243,Rumours of Fleetwood Mac,"Fri, Jul 26, 7:30 – 9:00 PM","Mountain Winery, 14831 Pierce Rd, Saratoga, CA","Formed in 2014, Rumours (also known as Rumours ATL) has taken the US by storm with their stage scorching renditions of Fleetwood Mac songs. Fans from across the nation claim that Rumours is the...",https://encrypted-tbn0.gstatic.com/images?q=tbn:ANd9GcSrFud7lrkhA6n4Qra605ODBn6jEVL6bsyeogmdQDj52A&s=10,4.4,865
244,Dom Dolla,"Sat, Jun 22, 6:00 – 7:30 PM","Frost Amphitheater, 351 Lasuen St, Stanford, CA",Find tickets for Dom Dolla at Frost Amphitheater at Stanford in Stanford on 6/22/2024 at 6:00 PM,https://encrypted-tbn0.gstatic.com/images?q=tbn:ANd9GcR_QITTmgvRgKv-AiF-7HqZs5e_zTUDYdpU9d9K2cxzWQ&s=10,4.7,651
246,Elle King,"Sun, Aug 25, 7:30 – 9:00 PM","Mountain Winery, 14831 Pierce Rd, Saratoga, CA",Find tickets for Elle King at The Mountain Winery in Saratoga on 8/25/2024 at 7:30 PM,https://encrypted-tbn0.gstatic.com/images?q=tbn:ANd9GcStvXnEGd1ou9W6qVtI_7p3X9fswS1JppbMJ0qnuPrxhw&s=10,4.4,865
250,Sarah Silverman,"Sun, Jun 16, 7 – 11 PM","The Punch Line San Francisco, 444 Battery St, San Francisco, CA",Find tickets for Sarah Silverman at Punch Line Comedy Club - San Francisco in San Francisco on 6/16/2024 at 7:00 PM,https://encrypted-tbn0.gstatic.com/images?q=tbn:ANd9GcTQtHcm73mU9qNWkzwgvL_1caJT1ZfQxpyDkgkXLH_Ci_UJFnHjAqBm9GYVdw&s=10,4.4,971
277,James McMurtry,"Sat, Jun 15, 6:00 – 7:30 PM","HopMonk Tavern Novato, 224 Vintage Way, Novato, CA",Find tickets for James McMurtry with BettySoo at HopMonk Tavern Novato in Novato on 6/15/2024 at 6:00 PM,https://encrypted-tbn0.gstatic.com/images?q=tbn:ANd9GcR92PxPfRoyVT21IWnt7KEsYWb_8QWzNgneadzBGdfmTQ&s=10,4.2,796
278,San Francisco Giants - Los Angeles Angels,"Sat, Jun 15, 1:05 – 3:05 PM","Oracle Park, 24 Willie Mays Plaza, San Francisco, CA","Matchup between Angels and Giants on Jun 15, 2024",https://encrypted-tbn0.gstatic.com/images?q=tbn:ANd9GcTH3c3hlNcgCzz_1wzZgztBb8rYdm1dK1GMOqjxpNuQoA&s=10,4.7,27548
281,Sebastian Maniscalco,"Sun, Aug 18, 7 – 10 PM","Chase Center, 1 Warriors Way, San Francisco, CA","Comedian, actor, and podcast host Sebastian Maniscalco announced his 2024 'It Ain't Right' Tour plus special guests Pat McGann and Pete Correale will include a stop at Chase Center on Sunday...",https://encrypted-tbn0.gstatic.com/images?q=tbn:ANd9GcSuPLizZQGBift3dG-ID9eCjwoQJwPtX5vhqbR4jaN3tw&s=10,4.7,7887
282,Andrew Santino,"Fri, Jun 28, 7:30 – 10:30 PM","Cobb's Comedy Club, 915 Columbus Ave, San Francisco, CA",Find tickets for Andrew Santino at Cobb's Comedy Club in San Francisco on 6/28/2024 at 7:30 PM,https://encrypted-tbn0.gstatic.com/images?q=tbn:ANd9GcTjgOZ39mO8qPgC7xIML4k9xHIT5z2JBQW8RPuGo1_-7YbfGdw_D_ZpDTDokA&s=10,4.3,1749
287,Green Day - The Saviors Tour,"Fri, Sep 20","Oracle Park, 24 Willie Mays Plaza, San Francisco, CA","Green Day is headed to San Francisco! Bay Area natives Billie Joe Armstrong, Mike Dirnt and Tré Cool are bringing The Saviors Tour to Oracle Park on Friday, September 20, 2024.",https://encrypted-tbn0.gstatic.com/images?q=tbn:ANd9GcRbQeFMG1zfoF8otHu5MaauaCZqmK3Ho5n0RbkUWRt0tg&s=10,4.7,27548
289,"Alesso, Lavern, blklght","Sat, Jul 6, 2 – 10 PM","The Midway, 900 Marin St, San Francisco, CA","The Midway presents: IllUM 2024 Block Party with Alesso plus a Body Hi special extended set 21+ Event, 2pm - 10pm Get ready to ignite the skies at IllUM, The Midway's annual fourth of July Block...",https://encrypted-tbn0.gstatic.com/images?q=tbn:ANd9GcS4LEYNfhlyC4H1vWZWfp6zsR9jIkUzTXeVwgyFCf3yWA&s,4.5,1851
291,Patton Oswalt,"Sat, Aug 3, 9:15 – 11:15 PM","Cobb's Comedy Club, 915 Columbus Ave, San Francisco, CA",Find tickets for Patton Oswalt at Cobb's Comedy Club in San Francisco on 8/3/2024 at 7:00 PM,https://encrypted-tbn0.gstatic.com/images?q=tbn:ANd9GcSjHFlaxtoymZC3POHg19gkHDDcqePbaIthqUeoyuWebaUActRQEMdhi74IOg&s,4.3,1749
292,Blink-182,"Tue, Jul 9, 6 – 10 PM","Chase Center, 1 Warriors Way, San Francisco, CA","Multi-platinum, award-winning band blink-182 is bringing their One More Time Tour to Chase Center on Tuesday, July 9, 2024. Following the massive success of their colossal global outing and recent...",https://encrypted-tbn0.gstatic.com/images?q=tbn:ANd9GcQjcDGAzg9EWSBNIPeOBFo6TvW7JD7lQo6fMSo4Fl2vJN7Pd2F3iqDgFCPiaQ&s=10,4.7,7887
293,That Girl Lay Lay,"Sat, Aug 3, 7:00 – 8:30 PM","The Warfield, 982 Market St, San Francisco, CA","Please note: The term The Warfield and/or That Girl Lay Lay as well as all associated graphics, logos, and/or other trademarks, tradenames or copyrights are the property of the The Warfield and/or...",https://encrypted-tbn0.gstatic.com/images?q=tbn:ANd9GcSs7q-kVUSThxaYEupSlJ4rJjMqO90O74wLNR_njlSG1PJCxyjs2ToqrmI1vA&s=10,4.5,3251
294,Daniel Handler,"Thu, Jun 20, 7:30 – 9:00 PM","Sydney Goldstein Theater, 275 Hayes St, San Francisco, CA","With And Then? And Then? What Else?, Daniel Handler examines the challenging and often amusing path toward one of the most spectacularly successful writing careers of the twenty-first century...",https://encrypted-tbn0.gstatic.com/images?q=tbn:ANd9GcTfcZLejAXibw730FylEbU2VwWjCpS51IO5d_O7-MZjww&s=10,4.5,615
298,Megan Thee Stallion,"Sun, Jun 23, 7 – 10 PM","Chase Center, 1 Warriors Way, San Francisco, CA",Find tickets for Megan Thee Stallion with GloRilla at Chase Center in San Francisco on 6/23/2024 at 8:00 PM,https://encrypted-tbn0.gstatic.com/images?q=tbn:ANd9GcTH3c3hlNcgCzz_1wzZgztBb8rYdm1dK1GMOqjxpNuQoA&s=10,4.7,7887
315,Los Temerarios,"Sat, Jul 27, 8:00 – 9:30 PM","SAP Center, 525 W Santa Clara St, San Jose, CA",Find tickets for Los Temerarios at SAP Center at San Jose in San Jose on 7/27/2024 at 8:00 PM,https://encrypted-tbn0.gstatic.com/images?q=tbn:ANd9GcRMMr7hffs7oQNAL4USXHSTO10OnS8F53Bmh70CcyMx0w&s=10,4.6,11447
318,Fuerza Regida,"Sat, Jul 6, 8:00 – 9:30 PM","SAP Center, 525 W Santa Clara St, San Jose, CA",Find tickets for Fuerza Regida at SAP Center at San Jose in San Jose on 7/6/2024 at 8:00 PM,https://encrypted-tbn0.gstatic.com/images?q=tbn:ANd9GcR-AmvK1cZMS_7kMwpSyqqFoPw2vEeYXMBmy6unixhr4Q&s=10,4.6,11447
320,Rod Stewart,"Tue, Aug 13, 7:30 – 9:00 PM","Mountain Winery, 14831 Pierce Rd, Saratoga, CA",Find tickets for Rod Stewart at The Mountain Winery in Saratoga on 8/13/2024 at 7:30 PM,https://encrypted-tbn0.gstatic.com/images?q=tbn:ANd9GcR3N8hRwr8zS8uNPIjgJk0fYGZfIloeQWvDjTGB2Fy3xQ&s=10,4.4,865
324,C-Kan,"Sun, Jul 7, 9:00 – 10:30 PM","The Catalyst, 1011 Pacific Ave, Santa Cruz, CA","Tickets $30 Early Bird/ $35 Advance/ $40 Last Chance // $77 VIP Goldwith NETO PEÑA, YOSS BONES, and TOSER ONE VIP GOLD Includes: - 1 GA Ticket - Early Entry into the venue - Early Access to Tour...",https://encrypted-tbn0.gstatic.com/images?q=tbn:ANd9GcQ4TLc9DmPP9I1JmS_ZfwnzAhMZK5kLeG0HDm8-zfwiNg&s=10,4.2,475
325,Chee,"Sat, Jun 15, 9 PM – Sun, Jun 16, 1 AM","The Midway, 900 Marin St, San Francisco, CA",Find tickets for Chee at The Midway in San Francisco on 6/15/2024 at 9:00 PM,https://encrypted-tbn0.gstatic.com/images?q=tbn:ANd9GcSJ07yq3KBFmqb51vVYCAXqLGACINsFE7Qq0HdW3x-z_p8wc_SWsKfMAyxxBg&s,4.5,1851
328,Fey - U.S.A Tour 2024,"Sat, Aug 3, 8 – 11 PM","San Jose Civic, 135 W San Carlos St, San Jose, CA","Fey is a Latin Grammy Award-nominated Mexican singer, songwriter, designer, dancer, record producer, and director. She has released seven studio albums and done one international tour and a short...",https://encrypted-tbn0.gstatic.com/images?q=tbn:ANd9GcQ7kcUJ2YryRazuAVNrDHhGMleRjt3wwL-URNCHBPMIhuUWH35OFvz5iCWCDQ&s=10,4.5,1943
330,Norah Jones,"Sat, Aug 3, 8 – 11 PM","SF Masonic Auditorium, 1111 California St, San Francisco, CA","These moronic reviews that criticize Norah for not being more engaging with the audience are completely shortsighted. Nobody asked Van Gogh to cook. Appreciate the genius of Norah's vocals, piano...",https://encrypted-tbn0.gstatic.com/images?q=tbn:ANd9GcSGHFMSHaz_hYkL7JXsPm9DfpxiCglW5Wims4L28VB-8w&s=10,4.5,2470
335,Father's Day Reggae with Pato Banton & Lake Anthony,"Sun, Jun 16, 3 – 6 PM","Swabbies On The River Restaurant & Bar, 5871 Garden Hwy, Sacramento, CA",Father’s Day Reggae Special! Pato Banton and the Now Generation Lake Anthony Antoinette Roots Dawtah Hosted by Stay Positive Sound Please note: Once all discounted advance tickets are sold out at...,https://encrypted-tbn0.gstatic.com/images?q=tbn:ANd9GcR8CvfDc8pB6GL7mgSHDJitLlHSrI2K2M2PQaLxJEmYDQ&s,4.5,2727
336,Theory of a Deadman,"Wed, Jun 19, 7 – 11 PM","Alameda County Fairgrounds, 2005 Valley Ave Gate 8, Pleasanton, CA",Find tickets for Theory of a Deadman at Alameda County Fairgrounds in Pleasanton on 6/19/2024 at 7:00 PM,https://encrypted-tbn0.gstatic.com/images?q=tbn:ANd9GcTt_RvIFByO7GUFSVNy3T12jhR5Krs9DlNiPDBfT5c65w&s=10,4.3,4568
339,Jassa Dhillon,"Fri, Jun 14, 8 PM – Sat, Jun 15, 1 AM","Ace of Spades, 1417 R St, Sacramento, CA",Find tickets for Jassa Dhillon at Ace of Spades in Sacramento on 6/14/2024 at 8:00 PM,https://encrypted-tbn0.gstatic.com/images?q=tbn:ANd9GcRkpWWO0NUeovkEjMlHF8o6svlOCpuUzaRJ7Wgv9SM_ng&s=10,4.5,3025
343,Oakland Athletics vs. Minnesota Twins,"Sun, Jun 23, 1:07 – 3:07 PM","Oakland Coliseum, 7000 S Coliseum Wy, Oakland, CA",Twins travel to face Athletics in series finale,https://encrypted-tbn0.gstatic.com/images?q=tbn:ANd9GcTH3c3hlNcgCzz_1wzZgztBb8rYdm1dK1GMOqjxpNuQoA&s=10,4.3,11463
347,Billy Strings,"Sun, Aug 18, 6:30 – 9:30 PM","The Greek Theatre, Hearst Greek Theatre, 2001 Gayley Rd, Berkeley, CA",Find tickets for Billy Strings at Greek Theatre-U.C. Berkeley in Berkeley on 8/18/2024 at 6:30 PM,https://encrypted-tbn0.gstatic.com/images?q=tbn:ANd9GcQrB1DjJdt7msDSJJRr5gDuzP9wkdS6Qypv43sAmWeUuIkZspEC0ExA6j-KXg&s=10,4.7,2858
349,Jason Derulo,"Fri, Jun 21, 9:00 – 10:30 PM","Cache Creek event center, Cache Creek Casino Resort, Brooks, CA","With his soaring ballads and catchy dance-pop numbers, Jason Derulo is a consistent hitmaker, racking up platinum hit after platinum hit since his debut in the 2000s. He shot to stardom as a...",https://encrypted-tbn0.gstatic.com/images?q=tbn:ANd9GcQrQpya-sjloUOTu-YDwBB0ElYnAbfTmXuUScxGdDhxRlvQDXcLQ8nimohcKg&s=10,5.0,1
350,,,,,,,
0,Washington Park,NA,"Washington Park, Sunnyvale, California, United States of America","leisure, leisure.park",,,
1,Swegles Park,NA,"Swegles Park, Sunnyvale, CA 94085, United States of America","leisure, leisure.park",,,
2,De Anza Park,NA,"De Anza Park, Sunnyvale, CA 94087, United States of America","leisure, leisure.park",,,
3,Ponderosa Park,NA,"Ponderosa Park, Sunnyvale, California, United States of America","leisure, leisure.park",,,
4,Las Palmas Park,NA,"Las Palmas Park, Sunnyvale, California, United States of America","leisure, leisure.park",,,
5,Ortega Park,NA,"Ortega Park, Sunnyvale, California, United States of America","leisure, leisure.park",,,
6,Serra Park,NA,"Serra Park, Sunnyvale, California, United States of America","leisure, leisure.park",,,
7,Encinal Park,NA,"Encinal Park, Sunnyvale, California, United States of America","leisure, leisure.park",,,
8,Sunnyvale Baylands Park,NA,"Sunnyvale Baylands Park, Sunnyvale, CA 94089, United States of America","leisure, leisure.park",,,
9,Nimitz School Park,NA,"Nimitz School Park, Sunnyvale, California, United States of America","leisure, leisure.park",,,
10,Lakewood Park,NA,"Lakewood Park, Sunnyvale, California, United States of America","leisure, leisure.park",,,
11,Orchard Park,NA,"Orchard Park, Sunnyvale, California, United States of America","leisure, leisure.park",,,
12,Murphy Park,NA,"Murphy Park, Sunnyvale, California, United States of America","leisure, leisure.park",,,
13,Raynor Park,NA,"Raynor Park, Sunnyvale, California, United States of America","leisure, leisure.park",,,
14,Panama Park,NA,"Panama Park, Sunnyvale, California, United States of America","leisure, leisure.park",,,
15,San Antonio Park,NA,"San Antonio Park, Sunnyvale, California, United States of America","leisure, leisure.park",,,
16,Columbia Park,NA,"Columbia Park, Sunnyvale, California, United States of America","leisure, leisure.park",,,
17,Cannery Park,NA,"Cannery Park, Sunnyvale, California, United States of America","leisure, leisure.park",,,
18,Fair Oaks Park,NA,"Fair Oaks Park, Sunnyvale, California, United States of America","leisure, leisure.park",,,
19,Seven Seas Neighborhood Park,NA,"Seven Seas Neighborhood Park, Sunnyvale, California, United States of America","leisure, leisure.park",,,
